{"count":20,"results":[{"id":1,"name":"Bandit 0->1","description":"Find the flag","max_attempts":0,"value":1,"category":"Bandit","type":"standard","state":"visible","requirements":null},{"id":2,"name":"Bandit 1->2","description":"Find the flag","max_attempts":0,"value":1,"category":"Bandit","type":"standard","state":"visible","requirements":null},{"id":3,"name":"Bandit 2->3","description":"Find the flag","max_attempts":0,"value":1,"category":"Bandit","type":"standard","state":"visible","requirements":null},{"id":4,"name":"Bandit 3->4","description":"Find the flag","max_attempts":0,"value":1,"category":"Bandit","type":"standard","state":"visible","requirements":null},{"id":5,"name":"Bandit 4->5","description":"Find the flag","max_attempts":0,"value":3,"category":"Bandit","type":"standard","state":"visible","requirements":null},{"id":6,"name":"Bandit 5->6","description":"Find the flag","max_attempts":0,"value":3,"category":"Bandit","type":"standard","state":"visible","requirements":null},{"id":7,"name":"Bandit 6->7","description":"Find the flag","max_attempts":0,"value":3,"category":"Bandit","type":"standard","state":"visible","requirements":null},{"id":8,"name":"Bandit 7->8","description":"Find the flag","max_attempts":0,"value":3,"category":"Bandit","type":"standard","state":"visible","requirements":null},{"id":9,"name":"Bandit 8->9","description":"Find the flag","max_attempts":0,"value":3,"category":"Bandit","type":"standard","state":"visible","requirements":null},{"id":10,"name":"Bandit 9->10","description":"Find the flag","max_attempts":0,"value":3,"category":"Bandit","type":"standard","state":"visible","requirements":null},{"id":11,"name":"Bandit 10->11","description":"Find the flag","max_attempts":0,"value":5,"category":"Bandit","type":"standard","state":"visible","requirements":null},{"id":12,"name":"Bandit 11->12","description":"Find the flag","max_attempts":0,"value":5,"category":"Bandit","type":"standard","state":"visible","requirements":null},{"id":13,"name":"Bandit 12->13","description":"Find the flag","max_attempts":0,"value":5,"category":"Bandit","type":"standard","state":"visible","requirements":null},{"id":14,"name":"Bandit 13->14","description":"Find the flag","max_attempts":0,"value":5,"category":"Bandit","type":"standard","state":"visible","requirements":null},{"id":15,"name":"Bandit 14->15","description":"Find the flag","max_attempts":0,"value":10,"category":"Bandit","type":"standard","state":"visible","requirements":null},{"id":16,"name":"Bandit 15->16","description":"Find the flag","max_attempts":0,"value":10,"category":"Bandit","type":"standard","state":"visible","requirements":null},{"id":17,"name":"Bandit 16->17","description":"Find the flag","max_attempts":0,"value":10,"category":"Bandit","type":"standard","state":"visible","requirements":null},{"id":18,"name":"Bandit 17->18","description":"Find the flag","max_attempts":0,"value":10,"category":"Bandit","type":"standard","state":"visible","requirements":null},{"id":19,"name":"Bandit 18->19","description":"Find the flag","max_attempts":0,"value":10,"category":"Bandit","type":"standard","state":"visible","requirements":null},{"id":20,"name":"Bandit 19->20","description":"Find the flag","max_attempts":0,"value":10,"category":"Bandit","type":"standard","state":"visible","requirements":null}],"meta":{}}