{"count":20,"results":[{"id":1,"challenge_id":1,"type":"static","content":"boJ9jbbUNNfktd78OOpsqOltutMc3MY1","data":""},{"id":2,"challenge_id":2,"type":"static","content":"CV1DtqXWVFXTvM2F0k09SHz0YwRINYA9","data":""},{"id":3,"challenge_id":3,"type":"static","content":"UmHadQclWmgdLOKQ3YNgjWxGoRMb5luK","data":""},{"id":4,"challenge_id":4,"type":"static","content":"pIwrPrtPN36QITSp3EQaw936yaFoFgAB","data":""},{"id":5,"challenge_id":5,"type":"static","content":"koReBOKuIDDepwhWk7jZC0RTdopnAYKh","data":""},{"id":6,"challenge_id":6,"type":"static","content":"DXjZPULLxYr17uwoI01bNLQbtFemEgo7","data":""},{"id":7,"challenge_id":7,"type":"static","content":"HKBPTKQnIay4Fw76bEy8PVxKEDQRKTzs","data":""},{"id":8,"challenge_id":8,"type":"static","content":"cvX2JJa4CFALtqS87jk27qwqGhBM9plV","data":""},{"id":9,"challenge_id":9,"type":"static","content":"UsvVyFSfZZWbi6wgC7dAFyFuR6jQQUhR","data":""},{"id":10,"challenge_id":10,"type":"static","content":"truKLdjsbJ5g7yyJ2X2R0o3a5HQJFuLk","data":""},{"id":11,"challenge_id":11,"type":"static","content":"IFukwKGsFW8MOq3IRFqrxE1hxTNEbUPR","data":""},{"id":12,"challenge_id":12,"type":"static","content":"5Te8Y4drgCRfCx8ugdwuEX8KFC6k2EUu","data":""},{"id":13,"challenge_id":13,"type":"static","content":"8ZjyCRiBWFYkneahHwxCv3wb2a1ORpYL","data":""},{"id":14,"challenge_id":14,"type":"static","content":"4wcYUJFw0k0XLShlDzztnTBHiqxU3b3e","data":""},{"id":15,"challenge_id":15,"type":"static","content":"BfMYroe26WYalil77FoDi9qh59eK5xNr","data":""},{"id":16,"challenge_id":16,"type":"static","content":"cluFn7wTiGryunymYOu4RcffSxQluehd","data":""},{"id":17,"challenge_id":17,"type":"static","content":"xLYVMN9WE5zQ5vHacb0sZEVqbrp7nBTn","data":""},{"id":18,"challenge_id":18,"type":"static","content":"kfBf3eYk5BPBRzwjqutbbfE887SVc5Yd","data":""},{"id":19,"challenge_id":19,"type":"static","content":"IueksS7Ubh8G3DCwVzrTd8rAVOwq3M5x","data":""},{"id":20,"challenge_id":20,"type":"static","content":"GbKksEFF4yrVs6il55v6gwY5aVje5f0j","data":""}],"meta":{}}