{"count":2,"results":[{"id":1,"oauth_id":null,"name":"admin","password":"$bcrypt-sha256$2b,12$/06KNGkocjuDYRR7j3QIw.$sIPE.K35V3Qh5zZypX.jBOjCn8V/Js.","email":"admin@admin.com","type":"admin","secret":null,"website":null,"affiliation":null,"country":null,"bracket":null,"hidden":true,"banned":false,"verified":false,"team_id":null,"created":"2020-08-07T13:27:04.110994"},{"id":2,"oauth_id":null,"name":"test","password":"$bcrypt-sha256$2b,12$wY6jseQvLxVNVq4JYMfI6e$EoXlQL.Kq3UHZDhQ6dZySoPCPgBMg4y","email":"test@test.com","type":"user","secret":null,"website":null,"affiliation":null,"country":null,"bracket":null,"hidden":false,"banned":false,"verified":true,"team_id":null,"created":"2020-08-07T13:32:01.728289"}],"meta":{}}